{
  "project_info": {
    "project_number": "127588632823",
    "project_id": "inventorygo-b7aed",
    "storage_bucket": "inventorygo-b7aed.firebasestorage.app"
  },
  "client": [
    {
      "client_info": {
        "mobilesdk_app_id": "1:127588632823:android:3303424245614c99616bf2",
        "android_client_info": {
          "package_name": "com.example.inventorygo"
        }
      },
      "oauth_client": [],
      "api_key": [
        {
          "current_key": "AIzaSyAD5eXqK31gMR2DwxRIpjDwC1wyTJOUvR4"
        }
      ],
      "services": {
        "appinvite_service": {
          "other_platform_oauth_client": []
        }
      }
    }
  ],
  "configuration_version": "1"
}